110	image/jpeg	2560x1707	https://schwerathletik-mannheim.de/wp-content/uploads/2023/11/DSC06546-2-scaled.jpg	
108	image/jpeg	2560x1707	https://schwerathletik-mannheim.de/wp-content/uploads/2023/11/DSC06546-scaled.jpg	
57	image/jpeg	1707x2560	https://schwerathletik-mannheim.de/wp-content/uploads/2023/11/DSC07204-scaled.jpg	
100	image/jpeg	2500x250	https://schwerathletik-mannheim.de/wp-content/uploads/2023/11/Unbenannt-1.jpg	
111	image/jpeg	2500x1667	https://schwerathletik-mannheim.de/wp-content/uploads/2023/11/home_websoze.jpg	
126	image/jpeg	1707x2560	https://schwerathletik-mannheim.de/wp-content/uploads/2024/01/LM-BaWu-Aktive-2023-Kira-Stett-28-scaled.jpg	
146	image/png	2362x1890	https://schwerathletik-mannheim.de/wp-content/uploads/2024/01/Logo_Bildmarke.png	
147	image/png	236x189	https://schwerathletik-mannheim.de/wp-content/uploads/2024/01/Logo_Bildmarke_20.png	
148	image/png	142x83	https://schwerathletik-mannheim.de/wp-content/uploads/2024/01/Logo_Bildmarke_klein_white.png	
164	image/jpeg	800x532	https://schwerathletik-mannheim.de/wp-content/uploads/2024/05/4A6F3254-C186-48A9-8D03-42DE856E17C4.jpg	
163	image/jpeg	800x600	https://schwerathletik-mannheim.de/wp-content/uploads/2024/05/589C7FCA-D43F-4992-85BF-9766EF0213FE.jpg	
171	image/jpeg	1282x1920	https://schwerathletik-mannheim.de/wp-content/uploads/2024/05/Bild021.jpg	
166	image/jpeg	800x600	https://schwerathletik-mannheim.de/wp-content/uploads/2024/05/C9A4AE0C-9AE0-4BEC-9A86-E062F1EAF74D.jpg	
170	image/jpeg	2560x1920	https://schwerathletik-mannheim.de/wp-content/uploads/2024/05/IMG_4695-scaled.jpg	
165	image/jpeg	1600x1200	https://schwerathletik-mannheim.de/wp-content/uploads/2024/05/Kopie-von-56ec3089-1f49-4ed2-96b4-ba57b0e78431.jpg	
209	image/jpeg	1707x2560	https://schwerathletik-mannheim.de/wp-content/uploads/2024/07/DSC06508-scaled.jpg	
210	image/jpeg	2560x1707	https://schwerathletik-mannheim.de/wp-content/uploads/2024/07/DSC06529-scaled.jpg	
211	image/jpeg	2560x1707	https://schwerathletik-mannheim.de/wp-content/uploads/2024/07/DSC06530-scaled.jpg	
212	image/jpeg	2560x1707	https://schwerathletik-mannheim.de/wp-content/uploads/2024/07/DSC06546-scaled.jpg	
251	image/jpeg	667x1000	https://schwerathletik-mannheim.de/wp-content/uploads/2024/07/DSC09024.jpg	
252	image/jpeg	667x1000	https://schwerathletik-mannheim.de/wp-content/uploads/2024/07/DSC09025.jpg	
253	image/jpeg	667x1000	https://schwerathletik-mannheim.de/wp-content/uploads/2024/07/DSC09026.jpg	
254	image/jpeg	1000x667	https://schwerathletik-mannheim.de/wp-content/uploads/2024/07/DSC09027.jpg	
255	image/jpeg	1000x667	https://schwerathletik-mannheim.de/wp-content/uploads/2024/07/DSC09028.jpg	
256	image/jpeg	1000x667	https://schwerathletik-mannheim.de/wp-content/uploads/2024/07/DSC09029.jpg	
257	image/jpeg	1000x667	https://schwerathletik-mannheim.de/wp-content/uploads/2024/07/DSC09030.jpg	
258	image/jpeg	667x1000	https://schwerathletik-mannheim.de/wp-content/uploads/2024/07/DSC09032.jpg	
259	image/jpeg	667x1000	https://schwerathletik-mannheim.de/wp-content/uploads/2024/07/DSC09033.jpg	
260	image/jpeg	667x1000	https://schwerathletik-mannheim.de/wp-content/uploads/2024/07/DSC09034.jpg	
261	image/jpeg	667x1000	https://schwerathletik-mannheim.de/wp-content/uploads/2024/07/DSC09035.jpg	
262	image/jpeg	667x1000	https://schwerathletik-mannheim.de/wp-content/uploads/2024/07/DSC09037.jpg	
263	image/jpeg	667x1000	https://schwerathletik-mannheim.de/wp-content/uploads/2024/07/DSC09038.jpg	
264	image/jpeg	667x1000	https://schwerathletik-mannheim.de/wp-content/uploads/2024/07/DSC09039.jpg	
265	image/jpeg	1000x667	https://schwerathletik-mannheim.de/wp-content/uploads/2024/07/DSC09042.jpg	
266	image/jpeg	1000x667	https://schwerathletik-mannheim.de/wp-content/uploads/2024/07/DSC09047.jpg	
267	image/jpeg	667x1000	https://schwerathletik-mannheim.de/wp-content/uploads/2024/07/DSC09049.jpg	
268	image/jpeg	1000x667	https://schwerathletik-mannheim.de/wp-content/uploads/2024/07/DSC09050.jpg	
269	image/jpeg	667x1000	https://schwerathletik-mannheim.de/wp-content/uploads/2024/07/DSC09051.jpg	
270	image/jpeg	1000x667	https://schwerathletik-mannheim.de/wp-content/uploads/2024/07/DSC09052.jpg	
271	image/jpeg	667x1000	https://schwerathletik-mannheim.de/wp-content/uploads/2024/07/DSC09054.jpg	
272	image/jpeg	1000x667	https://schwerathletik-mannheim.de/wp-content/uploads/2024/07/DSC09055.jpg	
273	image/jpeg	1000x667	https://schwerathletik-mannheim.de/wp-content/uploads/2024/07/DSC09056.jpg	
274	image/jpeg	667x1000	https://schwerathletik-mannheim.de/wp-content/uploads/2024/07/DSC09057.jpg	
214	image/jpeg	667x1000	https://schwerathletik-mannheim.de/wp-content/uploads/2024/07/DSC09058.jpg	
215	image/jpeg	1000x667	https://schwerathletik-mannheim.de/wp-content/uploads/2024/07/DSC09060.jpg	
216	image/jpeg	1000x667	https://schwerathletik-mannheim.de/wp-content/uploads/2024/07/DSC09061.jpg	
217	image/jpeg	667x1000	https://schwerathletik-mannheim.de/wp-content/uploads/2024/07/DSC09062.jpg	
218	image/jpeg	1000x667	https://schwerathletik-mannheim.de/wp-content/uploads/2024/07/DSC09063.jpg	
219	image/jpeg	667x1000	https://schwerathletik-mannheim.de/wp-content/uploads/2024/07/DSC09064.jpg	
220	image/jpeg	667x1000	https://schwerathletik-mannheim.de/wp-content/uploads/2024/07/DSC09065.jpg	
221	image/jpeg	667x1000	https://schwerathletik-mannheim.de/wp-content/uploads/2024/07/DSC09066.jpg	
222	image/jpeg	1000x667	https://schwerathletik-mannheim.de/wp-content/uploads/2024/07/DSC09067.jpg	
223	image/jpeg	1000x667	https://schwerathletik-mannheim.de/wp-content/uploads/2024/07/DSC09068.jpg	
224	image/jpeg	1000x667	https://schwerathletik-mannheim.de/wp-content/uploads/2024/07/DSC09069.jpg	
225	image/jpeg	1000x667	https://schwerathletik-mannheim.de/wp-content/uploads/2024/07/DSC09070.jpg	
226	image/jpeg	1000x667	https://schwerathletik-mannheim.de/wp-content/uploads/2024/07/DSC09071.jpg	
227	image/jpeg	1000x667	https://schwerathletik-mannheim.de/wp-content/uploads/2024/07/DSC09072.jpg	
228	image/jpeg	1000x667	https://schwerathletik-mannheim.de/wp-content/uploads/2024/07/DSC09073.jpg	
229	image/jpeg	667x1000	https://schwerathletik-mannheim.de/wp-content/uploads/2024/07/DSC09074.jpg	
230	image/jpeg	1000x667	https://schwerathletik-mannheim.de/wp-content/uploads/2024/07/DSC09076.jpg	
231	image/jpeg	1000x667	https://schwerathletik-mannheim.de/wp-content/uploads/2024/07/DSC09078.jpg	
232	image/jpeg	667x1000	https://schwerathletik-mannheim.de/wp-content/uploads/2024/07/DSC09079.jpg	
233	image/jpeg	1000x667	https://schwerathletik-mannheim.de/wp-content/uploads/2024/07/DSC09080.jpg	
234	image/jpeg	1000x667	https://schwerathletik-mannheim.de/wp-content/uploads/2024/07/DSC09081.jpg	
235	image/jpeg	667x1000	https://schwerathletik-mannheim.de/wp-content/uploads/2024/07/DSC09083.jpg	
236	image/jpeg	667x1000	https://schwerathletik-mannheim.de/wp-content/uploads/2024/07/DSC09084.jpg	
237	image/jpeg	667x1000	https://schwerathletik-mannheim.de/wp-content/uploads/2024/07/DSC09085.jpg	
238	image/jpeg	1000x667	https://schwerathletik-mannheim.de/wp-content/uploads/2024/07/DSC09088.jpg	
239	image/jpeg	1000x667	https://schwerathletik-mannheim.de/wp-content/uploads/2024/07/DSC09089.jpg	
240	image/jpeg	667x1000	https://schwerathletik-mannheim.de/wp-content/uploads/2024/07/DSC09093.jpg	
241	image/jpeg	1000x667	https://schwerathletik-mannheim.de/wp-content/uploads/2024/07/DSC09095.jpg	
242	image/jpeg	667x1000	https://schwerathletik-mannheim.de/wp-content/uploads/2024/07/DSC09096.jpg	
243	image/jpeg	667x1000	https://schwerathletik-mannheim.de/wp-content/uploads/2024/07/DSC09099.jpg	
244	image/jpeg	1000x667	https://schwerathletik-mannheim.de/wp-content/uploads/2024/07/DSC09100.jpg	
245	image/jpeg	667x1000	https://schwerathletik-mannheim.de/wp-content/uploads/2024/07/DSC09102.jpg	
246	image/jpeg	667x1000	https://schwerathletik-mannheim.de/wp-content/uploads/2024/07/DSC09103.jpg	
247	image/jpeg	1000x667	https://schwerathletik-mannheim.de/wp-content/uploads/2024/07/DSC09104.jpg	
248	image/jpeg	667x1000	https://schwerathletik-mannheim.de/wp-content/uploads/2024/07/DSC09105.jpg	
249	image/jpeg	1000x667	https://schwerathletik-mannheim.de/wp-content/uploads/2024/07/DSC09106.jpg	
250	image/jpeg	1000x667	https://schwerathletik-mannheim.de/wp-content/uploads/2024/07/DSC09108.jpg	
200	application/pdf	x	https://schwerathletik-mannheim.de/wp-content/uploads/2024/07/Gebuehr_2019.pdf	
202	image/jpeg	2320x687	https://schwerathletik-mannheim.de/wp-content/uploads/2024/07/home_websoze_dunkel.jpg	
306	image/png	844x844	https://schwerathletik-mannheim.de/wp-content/uploads/2024/11/2w_w74iIPX28tlJhswa-td2i4DgEGHsBQ1xhXlpBAHgvtnz3LsYKyVNgIwkDq8qkMNrTBLhOHhGBSSZKS5bQrCaaHoFkNsI9fEr0XGDdQZrOltOEpl3-fU8-L58zdilk2M2OAnEMMBxuiW2rolr6HQ.png	
307	image/jpeg	1280x1280	https://schwerathletik-mannheim.de/wp-content/uploads/2024/11/DSC02198.jpg	
309	image/jpeg	1009x943	https://schwerathletik-mannheim.de/wp-content/uploads/2024/11/Rheinland-Barbell-Shirts-shot-by-Cesco-129_squared.jpg	
308	image/jpeg	1080x1013	https://schwerathletik-mannheim.de/wp-content/uploads/2024/11/aUcm1TtyWR0kTS6nKo7rrMk0zSXIuxdwwWuCzK_GvoH_Xg_xhurPPOEUhOAd1LSRQyixn7EabMLjEKYAXKyi3Mp2qiiatmkWdZOeMcOaGVi-LV8b8d8ghdSpiDr_kdb2VX8aQJWVQRkbCIV_lXkizA.jpg	
462	image/jpeg	1280x719	https://schwerathletik-mannheim.de/wp-content/uploads/2025/01/BBF22_Gruppe.jpg	
461	image/jpeg	1280x1280	https://schwerathletik-mannheim.de/wp-content/uploads/2025/01/BBF22_Janosch.jpg	
460	image/jpeg	1280x1280	https://schwerathletik-mannheim.de/wp-content/uploads/2025/01/BBF22_Luca.jpg	
459	image/jpeg	1280x1280	https://schwerathletik-mannheim.de/wp-content/uploads/2025/01/BBF22_Marcel.jpg	
458	image/jpeg	1280x1280	https://schwerathletik-mannheim.de/wp-content/uploads/2025/01/BBF22_Verena.jpg	
374	image/jpeg	943x943	https://schwerathletik-mannheim.de/wp-content/uploads/2025/01/Coach_Janosch.jpg	
373	image/jpeg	2560x2555	https://schwerathletik-mannheim.de/wp-content/uploads/2025/01/Coach_Kev-2-scaled.jpg	
369	image/jpeg	2560x1707	https://schwerathletik-mannheim.de/wp-content/uploads/2025/01/Coach_Kev-scaled.jpg	
375	image/jpeg	2560x2560	https://schwerathletik-mannheim.de/wp-content/uploads/2025/01/Coach_Stani-1-scaled.jpg	
368	image/jpeg	1707x2560	https://schwerathletik-mannheim.de/wp-content/uploads/2025/01/Coach_Stani-scaled.jpg	
470	image/jpeg	1157x1157	https://schwerathletik-mannheim.de/wp-content/uploads/2025/01/DM-Aktive-2022-Support-68.jpg	
477	image/jpeg	1280x1280	https://schwerathletik-mannheim.de/wp-content/uploads/2025/01/DMAktive22_Bjorn.jpg	
475	image/jpeg	1280x1280	https://schwerathletik-mannheim.de/wp-content/uploads/2025/01/DMAktive22_Gregor.jpg	
480	image/jpeg	1280x719	https://schwerathletik-mannheim.de/wp-content/uploads/2025/01/DMAktive22_Gruppe.jpg	
473	image/jpeg	1280x1280	https://schwerathletik-mannheim.de/wp-content/uploads/2025/01/DMAktive22_Hannes.jpg	
479	image/jpeg	1280x1280	https://schwerathletik-mannheim.de/wp-content/uploads/2025/01/DMAktive22_Jana.jpg	
482	image/jpeg	1280x1280	https://schwerathletik-mannheim.de/wp-content/uploads/2025/01/DMAktive22_Janina.jpg	
476	image/jpeg	1280x1280	https://schwerathletik-mannheim.de/wp-content/uploads/2025/01/DMAktive22_Jonas.jpg	
478	image/jpeg	683x683	https://schwerathletik-mannheim.de/wp-content/uploads/2025/01/DMAktive22_Julia.jpg	
484	image/jpeg	1280x1280	https://schwerathletik-mannheim.de/wp-content/uploads/2025/01/DMAktive22_Rebecca.jpg	
474	image/jpeg	1280x1280	https://schwerathletik-mannheim.de/wp-content/uploads/2025/01/DMAktive22_Roy.jpg	
471	image/jpeg	1280x1280	https://schwerathletik-mannheim.de/wp-content/uploads/2025/01/DMAktive22_Simon.jpg	
472	image/jpeg	1280x1280	https://schwerathletik-mannheim.de/wp-content/uploads/2025/01/DMAktive22_Sven.jpg	
481	image/jpeg	1280x1280	https://schwerathletik-mannheim.de/wp-content/uploads/2025/01/DMAktive22_Verena.jpg	
483	image/jpeg	863x863	https://schwerathletik-mannheim.de/wp-content/uploads/2025/01/DMAktive22_Vero.jpeg	
487	image/jpeg	692x692	https://schwerathletik-mannheim.de/wp-content/uploads/2025/01/DMJunioren22_Bene.jpg	
489	image/jpeg	1280x1291	https://schwerathletik-mannheim.de/wp-content/uploads/2025/01/DMJunioren22_Dennis.jpg	
490	image/jpeg	962x831	https://schwerathletik-mannheim.de/wp-content/uploads/2025/01/DMJunioren22_Gruppe.jpg	
488	image/jpeg	769x777	https://schwerathletik-mannheim.de/wp-content/uploads/2025/01/DMJunioren22_Ruben.jpg	
370	image/jpeg	1707x2560	https://schwerathletik-mannheim.de/wp-content/uploads/2025/01/KDK_Vero-scaled.jpg	
466	image/jpeg	1280x719	https://schwerathletik-mannheim.de/wp-content/uploads/2025/01/LM22-Kampfrichter-Bezirkslizenz.jpg	
467	image/jpeg	998x998	https://schwerathletik-mannheim.de/wp-content/uploads/2025/01/LM22_Janina.jpg	
465	image/jpeg	1280x1280	https://schwerathletik-mannheim.de/wp-content/uploads/2025/01/LM22_Max.jpg	
496	image/jpeg	1280x1280	https://schwerathletik-mannheim.de/wp-content/uploads/2025/01/LMBW22_Anne.jpg	
504	image/jpeg	1280x954	https://schwerathletik-mannheim.de/wp-content/uploads/2025/01/LMBW22_Gruppe.jpg	
497	image/jpeg	1280x1280	https://schwerathletik-mannheim.de/wp-content/uploads/2025/01/LMBW22_Janina_Bianca_Vero_Rebecca.jpg	
495	image/jpeg	1280x1280	https://schwerathletik-mannheim.de/wp-content/uploads/2025/01/LMBW22_Jonas_Gregor.jpg	
500	image/jpeg	1280x719	https://schwerathletik-mannheim.de/wp-content/uploads/2025/01/LMBW22_Lucas_Bjorn.jpg	
494	image/jpeg	1280x1280	https://schwerathletik-mannheim.de/wp-content/uploads/2025/01/LMBW22_Lukas_Benjamin_Vasilis_Sven_Tim.jpg	
503	image/jpeg	1280x1280	https://schwerathletik-mannheim.de/wp-content/uploads/2025/01/LMBW22_Manuel.jpg	
502	image/jpeg	1280x1280	https://schwerathletik-mannheim.de/wp-content/uploads/2025/01/LMBW22_Marcel.jpg	
493	image/jpeg	1280x1280	https://schwerathletik-mannheim.de/wp-content/uploads/2025/01/LMBW22_Michi.jpg	
498	image/jpeg	1224x1224	https://schwerathletik-mannheim.de/wp-content/uploads/2025/01/LMBW22_Nathalie.jpg	
501	image/jpeg	1280x1280	https://schwerathletik-mannheim.de/wp-content/uploads/2025/01/LMBW22_Roy.jpg	
499	image/jpeg	1280x1280	https://schwerathletik-mannheim.de/wp-content/uploads/2025/01/LMBW22_Verena_Julia.jpg	
402	image/png	600x600	https://schwerathletik-mannheim.de/wp-content/uploads/2025/01/MyPicture-2-e1737300655312.png	
454	image/jpeg	1280x1280	https://schwerathletik-mannheim.de/wp-content/uploads/2025/01/RebenHeben_David.jpg	
455	image/jpeg	1280x797	https://schwerathletik-mannheim.de/wp-content/uploads/2025/01/RebenHeben_Gruppe.jpg	
453	image/jpeg	1280x1280	https://schwerathletik-mannheim.de/wp-content/uploads/2025/01/RebenHeben_Kev.jpg	
452	image/jpeg	1280x1280	https://schwerathletik-mannheim.de/wp-content/uploads/2025/01/RebenHeben_Luca.jpg	
367	image/jpeg	1707x2560	https://schwerathletik-mannheim.de/wp-content/uploads/2025/01/Vorstand_Kira-scaled.jpg	
365	image/jpeg	1707x2560	https://schwerathletik-mannheim.de/wp-content/uploads/2025/01/Vorstand_Roy-scaled.jpg	
366	image/jpeg	1707x2560	https://schwerathletik-mannheim.de/wp-content/uploads/2025/01/Vorstand_Sven-scaled.jpg	
515	image/jpeg	1707x2560	https://schwerathletik-mannheim.de/wp-content/uploads/2025/01/WhatsApp-Image-2025-01-21-at-16.22.56-scaled.jpeg	
538	image/png	230x89	https://schwerathletik-mannheim.de/wp-content/uploads/2025/02/Logo3.png	
590	image/png	556x532	https://schwerathletik-mannheim.de/wp-content/uploads/2025/03/Screenshot-2023-06-14-132457.png	
576	image/jpeg	1280x1100	https://schwerathletik-mannheim.de/wp-content/uploads/2025/03/Untitled-2.jpg	
586	image/jpeg	1280x719	https://schwerathletik-mannheim.de/wp-content/uploads/2025/03/Untitled.jpg	
582	image/jpeg	1280x719	https://schwerathletik-mannheim.de/wp-content/uploads/2025/03/media.jpg	
619	image/jpeg	921x2048	https://schwerathletik-mannheim.de/wp-content/uploads/2025/07/Bene.jpeg	
618	image/jpeg	1366x2048	https://schwerathletik-mannheim.de/wp-content/uploads/2025/07/Julia.jpeg	
631	image/jpeg	921x2048	https://schwerathletik-mannheim.de/wp-content/uploads/2025/08/Bene.jpeg	
632	image/jpeg	1366x2048	https://schwerathletik-mannheim.de/wp-content/uploads/2025/08/Julia.jpeg	2. Kassiererin Julia Renkel
651	image/jpeg	1266x1900	https://schwerathletik-mannheim.de/wp-content/uploads/2025/09/DSC06579.jpg	
650	image/jpeg	1266x1900	https://schwerathletik-mannheim.de/wp-content/uploads/2025/09/DSC06588.jpg	
652	image/jpeg	1707x2560	https://schwerathletik-mannheim.de/wp-content/uploads/2025/09/WhatsApp-Image-2025-09-03-at-20.46.40-scaled.jpeg	
